,City Name,Cloudiness,Country,Date,Humidity,latitude,longitude,Max Temp (fahrenheit),Wind Speed
0,Blairmore,1,CA,1579564413,52,49.6,-114.44,42.8,5.37
1,Bluff,100,NZ,1579564207,68,-46.6,168.33,65.75,5.77
2,Chapada dos Guimaraes,20,BR,1579564414,74,-15.46,-55.75,84.2,3.36
3,Vao,87,NC,1579564310,59,-22.67,167.48,76.71,5.97
4,Tsumeb,38,NA,1579564414,29,-19.23,17.72,74.91,10.4
5,Manta,20,EC,1579564414,74,-0.95,-80.73,82.4,10.29
6,Mataura,100,NZ,1579564414,69,-46.19,168.86,69.96,3.42
7,Kapaa,90,US,1579564414,83,22.08,-159.32,80.6,10.29
8,Albany,1,US,1579564415,60,42.6,-73.97,19.0,9.17
9,Burnie,67,AU,1579564415,72,-41.07,145.92,69.01,5.99
10,Iracoubo,61,GF,1579564415,77,5.48,-53.2,79.39,18.97
11,Puerto Ayora,40,EC,1579564415,69,-0.74,-90.35,82.4,9.17
12,Beringovskiy,0,RU,1579564415,99,63.05,179.32,-6.02,12.41
13,Provideniya,100,RU,1579564415,70,64.38,-173.3,1.4,4.47
14,Airai,99,TL,1579564415,60,-8.93,125.41,76.42,3.11
15,Ostashkov,100,RU,1579564415,88,57.15,33.11,33.3,12.84
16,Castro,66,BR,1579564415,81,-24.79,-50.01,68.25,7.29
17,Shiraz,0,IR,1579564416,70,29.6,52.54,32.0,1.48
18,New Norfolk,75,AU,1579564416,59,-42.78,147.06,63.0,10.29
19,Ushuaia,75,AR,1579564412,76,-54.8,-68.3,51.8,2.98
20,Port Alfred,86,ZA,1579564242,91,-33.59,26.89,62.01,14.99
21,Lorengau,11,PG,1579564209,77,-2.02,147.27,83.34,14.14
22,Isangel,20,VU,1579564416,69,-19.55,169.27,82.4,9.17
23,Busselton,90,AU,1579564207,49,-33.65,115.33,71.01,15.66
24,Berdigestyakh,0,RU,1579564417,94,62.1,126.7,-23.01,3.44
25,Benguela,100,AO,1579564417,70,-12.58,13.41,80.65,4.27
26,Thompson,75,CA,1579564417,84,55.74,-97.86,6.8,5.82
27,Veranopolis,100,BR,1579564214,60,-28.94,-51.55,75.2,6.93
28,Nanortalik,100,GL,1579564418,67,60.14,-45.24,28.33,23.6
29,Jizan,20,SA,1579564418,73,17.33,42.67,77.0,6.93
30,Haines Junction,62,CA,1579564418,95,60.75,-137.51,6.04,3.69
31,Northam,0,GB,1579564418,90,51.03,-4.22,44.01,5.82
32,Hobart,75,AU,1579564418,59,-42.88,147.33,63.0,10.29
33,High Prairie,85,CA,1579564418,90,55.43,-116.49,32.67,6.02
34,Muros,20,ES,1579564418,69,42.78,-9.06,48.0,11.41
35,Pangody,62,RU,1579564418,96,65.85,74.49,-17.23,7.09
36,Pevek,100,RU,1579564257,98,69.7,170.31,-14.46,7.49
37,Batemans Bay,12,AU,1579564372,55,-35.72,150.18,78.01,3.0
38,Huarmey,100,PE,1579564419,68,-10.07,-78.15,73.9,4.83
39,Vardo,75,NO,1579564419,86,70.37,31.11,32.0,17.22
40,Ribeira Grande,100,PT,1579564419,82,38.52,-28.7,57.0,16.44
41,Am Timan,4,TD,1579564419,21,11.03,20.28,65.37,6.4
42,Upington,0,ZA,1579564419,22,-28.45,21.26,75.2,6.93
43,Vaini,20,TO,1579564419,65,-21.2,-175.2,82.4,12.75
44,Shubarshi,100,KZ,1579564420,95,48.59,57.19,20.14,10.94
45,Balabac,46,PH,1579564420,78,7.99,117.06,81.45,17.92
46,Korla,86,CN,1579564420,88,41.76,86.15,21.99,2.13
47,Kozhva,40,RU,1579564420,85,65.11,57.05,-2.92,9.64
48,Bilibino,100,RU,1579564420,98,68.05,166.44,-28.62,3.33
49,Jamestown,75,US,1579564420,78,42.1,-79.24,21.2,5.82
50,Bredasdorp,98,ZA,1579564420,82,-34.53,20.04,66.2,13.87
51,Lavra,0,PT,1579564420,39,41.26,-8.72,48.2,19.46
52,Qasigiannguit,100,GL,1579564420,47,68.82,-51.19,15.8,23.04
53,Mayo,5,US,1579564421,42,38.89,-76.51,32.0,4.7
54,Birin,0,NP,1579564421,84,26.89,88.07,36.75,3.18
55,Punta Arenas,75,CL,1579564421,67,-53.15,-70.92,59.0,18.34
56,East London,82,ZA,1579564254,79,-33.02,27.91,68.92,12.95
57,Bubaque,100,GW,1579564317,64,11.28,-15.83,77.34,10.33
58,Geraldton,75,AU,1579564421,68,-28.77,114.6,69.8,21.92
59,Antofagasta,40,CL,1579564421,73,-23.65,-70.4,72.0,9.17
60,Qaanaaq,100,GL,1579564421,71,77.48,-69.36,-11.65,7.36
61,Necochea,85,AR,1579564422,92,-38.55,-58.74,66.0,8.01
62,Norman Wells,20,CA,1579564422,68,65.28,-126.83,-14.8,3.36
63,Hithadhoo,97,MV,1579564422,77,-0.6,73.08,82.85,13.02
64,Nanhai,99,CN,1579564422,83,30.13,111.78,43.0,1.92
65,Alofi,97,NU,1579564422,70,-19.06,-169.92,78.8,12.21
66,Albanel,75,CA,1579564292,77,48.88,-72.45,1.4,4.7
67,Yumen,33,CN,1579564422,78,40.28,97.2,12.02,12.21
68,Lang Son,100,VN,1579564312,96,21.83,106.73,57.0,0.74
69,Morondava,100,MG,1579564423,95,-20.28,44.28,74.05,3.78
70,Kaitangata,100,NZ,1579564423,68,-46.28,169.85,66.0,9.98
71,San Miguel de Tucuman,75,AR,1579564393,62,-26.82,-65.22,86.0,11.41
72,Finschhafen,21,PG,1579564423,71,-6.6,147.87,84.33,2.51
73,Nioro,100,GM,1579564423,21,13.35,-15.75,71.56,6.22
74,Leningradskiy,100,RU,1579564423,87,69.38,178.42,-4.9,13.71
75,Hilo,90,US,1579564197,61,19.73,-155.09,78.8,9.17
76,Rikitea,100,PF,1579564423,76,-23.12,-134.97,78.42,9.08
77,Inhambane,100,MZ,1579564323,70,-23.86,35.38,76.41,20.58
78,Praia,0,CV,1579564424,53,14.92,-23.51,71.6,11.41
79,Oyama,15,JP,1579564424,68,36.3,139.8,48.0,5.01
80,Pangai,20,TO,1579564424,61,-19.8,-174.35,82.4,6.93
81,Bethel,5,US,1579564424,41,41.37,-73.41,28.0,9.17
82,Ambon,40,ID,1579564424,62,-3.7,128.18,87.8,5.82
83,Ustka,47,PL,1579564424,86,54.58,16.86,39.9,20.31
84,Broome,40,US,1579564425,78,42.25,-75.83,14.0,8.05
85,Yellowknife,75,CA,1579564197,76,62.46,-114.35,-9.0,8.05
86,Lagoa,93,PT,1579564211,74,39.05,-27.98,59.85,16.71
87,Asau,75,RO,1579564425,80,46.43,26.4,30.2,9.17
88,Hermanus,57,ZA,1579564425,94,-34.42,19.23,69.01,8.99
89,Arraial do Cabo,79,BR,1579564346,86,-22.97,-42.03,75.0,8.66
90,San Luis,44,AR,1579564137,60,-33.3,-66.34,80.06,12.5
91,Revda,90,RU,1579564425,92,56.8,59.93,12.2,2.24
92,Fare,17,PF,1579564425,75,-16.7,-151.02,81.86,9.46
93,Tulagi,40,SB,1579564426,74,-9.1,160.15,86.0,5.82
94,Yarada,20,IN,1579564426,100,17.65,83.27,69.8,2.24
95,Upernavik,96,GL,1579564426,59,72.79,-56.15,-2.4,8.03
96,Port Hardy,75,CA,1579564426,76,50.7,-127.42,50.0,16.11
97,Hasaki,20,JP,1579564426,56,35.73,140.83,45.0,12.75
98,Guerrero Negro,60,MX,1579564230,47,27.98,-114.06,66.24,13.65
99,Tra Vinh,0,VN,1579564426,76,9.93,106.35,76.66,7.07
100,Lufilufi,90,WS,1579564426,94,-13.87,-171.6,80.6,13.87
101,Avarua,99,CK,1579564184,79,-21.21,-159.78,84.2,10.29
102,Miramar,1,US,1579564368,63,25.99,-80.23,71.01,12.75
103,Cockburn Town,82,TC,1579564427,72,21.46,-71.14,77.81,10.2
104,Butaritari,100,KI,1579564427,67,3.07,172.79,84.63,3.18
105,Port Elizabeth,20,ZA,1579564184,82,-33.92,25.57,66.2,17.22
106,Sakaiminato,75,JP,1579564427,75,35.55,133.23,46.4,11.41
107,Yangi Marg`ilon,100,UZ,1579564427,74,40.43,71.72,30.2,4.7
108,Husavik,2,IS,1579564427,70,66.04,-17.34,31.28,36.1
109,Ndioum,46,SN,1579564427,40,16.51,-14.65,71.6,9.15
110,Saint George,1,US,1579564248,34,37.1,-113.58,55.99,6.93
111,Tuktoyaktuk,75,CA,1579564428,74,69.45,-133.04,-22.0,3.36
112,Tasiilaq,12,GL,1579564428,47,65.61,-37.64,14.0,18.34
113,Bathsheba,75,BB,1579564428,78,13.22,-59.52,78.8,17.22
114,Tiksi,2,RU,1579564248,91,71.69,128.87,-27.0,3.87
115,Duluth,90,US,1579564428,56,46.78,-92.11,17.6,5.82
116,Luderitz,0,NA,1579564429,88,-26.65,15.16,64.4,2.24
117,Vero Beach,1,US,1579564262,50,27.64,-80.4,60.8,4.7
118,Hirado,75,JP,1579564429,65,33.36,129.55,46.4,10.29
119,Hong Kong,20,HK,1579564390,77,22.29,114.16,64.99,10.29
120,Kloulklubed,75,PW,1579564429,78,7.04,134.26,78.8,4.7
121,Bambous Virieux,40,MU,1579564375,83,-20.34,57.76,80.01,13.6
122,Kavaratti,17,IN,1579564235,74,10.57,72.64,81.88,11.23
123,Duelmen,0,DE,1579564429,91,51.83,7.3,37.99,6.93
124,Oddur,0,SO,1579564359,80,4.12,43.89,70.16,15.57
125,Chitral,100,PK,1579564430,94,35.85,71.79,8.1,4.79
126,Urucara,79,BR,1579564430,87,-2.54,-57.76,78.39,1.1
127,Sur,0,OM,1579564430,70,22.57,59.53,65.3,6.15
128,Mildura,0,AU,1579564215,55,-34.2,142.15,68.0,5.82
129,Lima,90,PE,1579564144,73,-12.04,-77.03,77.0,10.29
130,Nikolskoye,90,RU,1579564431,80,59.7,30.79,39.99,15.66
131,Kruisfontein,99,ZA,1579564431,86,-34.0,24.73,64.35,9.86
132,Douentza,92,ML,1579564431,20,15.0,-2.95,66.74,3.04
133,Zilupe,100,LV,1579564331,84,56.39,28.12,38.16,14.85
134,Saint-Philippe,100,RE,1579564431,88,-21.36,55.77,78.8,4.7
135,Paka,40,MY,1579564431,83,4.64,103.44,80.6,6.93
136,Kununurra,90,AU,1579564431,88,-15.77,128.73,78.8,2.42
137,Cairns,40,AU,1579564133,66,-16.92,145.77,93.0,11.41
138,Sao Filipe,0,CV,1579564432,75,14.9,-24.5,69.87,5.14
139,Arman,55,RU,1579564432,84,59.7,150.17,-7.11,7.34
140,Cap Malheureux,40,MU,1579564432,83,-19.98,57.61,80.01,12.21
141,Barrow,90,US,1579564432,83,71.29,-156.79,-5.8,6.93
142,Souillac,40,MU,1579564432,83,-20.52,57.52,80.01,6.38
143,Pangnirtung,5,CA,1579564263,57,66.15,-65.71,-13.0,2.24
144,Poltava,100,UA,1579564432,82,49.59,34.54,31.59,10.94
145,Zelenoborsk,36,RU,1579564432,91,61.47,64.03,-5.28,7.36
146,Kahului,75,US,1579564183,73,20.89,-156.47,80.6,28.92
147,Longyearbyen,40,SJ,1579564369,73,78.22,15.64,19.4,31.09
148,Hobyo,18,SO,1579564433,81,5.35,48.53,76.33,16.28
149,Karwar,2,IN,1579564433,71,14.8,74.13,75.13,4.85
150,Tucurui,92,BR,1579564433,88,-3.77,-49.67,76.87,3.36
151,Yerbogachen,97,RU,1579564433,92,61.28,108.01,-9.81,9.57
152,Ancud,0,CL,1579564433,46,-41.87,-73.82,69.8,14.99
153,Totness,85,SR,1579564433,81,5.88,-56.32,79.32,18.95
154,Lubao,75,PH,1579564433,78,14.92,120.55,77.0,4.7
155,Flin Flon,75,CA,1579564434,84,54.77,-101.86,6.8,6.93
156,Sitka,90,US,1579564207,75,57.05,-135.33,42.8,8.05
157,Ondangwa,70,NA,1579564434,50,-17.92,15.95,78.8,4.7
158,Nhulunbuy,75,AU,1579564434,70,-12.23,136.77,86.0,9.17
159,Olafsvik,100,IS,1579564434,76,64.89,-23.71,33.22,37.02
160,Codrington,100,AU,1579564434,67,-38.27,141.97,57.27,3.04
161,Mar del Plata,90,AR,1579564434,93,-38.0,-57.56,64.99,13.87
162,Ixtapa,20,MX,1579564434,74,20.7,-105.2,82.4,10.29
163,Kralendijk,62,BQ,1579564359,78,12.15,-68.27,80.6,19.46
164,Sorong,0,ID,1579564435,73,-0.88,131.25,82.87,4.97
165,Krasavino,92,RU,1579564435,96,60.96,46.48,22.62,6.29
166,Sinnamary,61,GF,1579564291,77,5.38,-52.95,79.39,18.97
167,Marawi,29,PH,1579564435,84,8.0,124.29,75.99,3.0
168,Windhoek,0,NA,1579564435,27,-22.56,17.08,71.6,4.7
169,Cape Town,0,ZA,1579564363,77,-33.93,18.42,69.01,4.7
170,Lata,30,PT,1579564436,57,40.16,-8.33,48.99,8.01
171,Vila,0,PT,1579564436,60,42.03,-8.16,46.0,2.24
172,Ribas do Rio Pardo,11,BR,1579564436,76,-20.44,-53.76,78.84,7.63
173,Chimoio,75,MZ,1579564436,100,-19.12,33.48,69.8,16.06
174,Kodiak,1,US,1579564436,62,57.79,-152.41,21.2,5.82
175,Gairo,40,IT,1579564436,82,39.85,9.5,55.4,27.51
176,Maceio,72,BR,1579564200,88,-9.67,-35.74,75.2,4.7
177,Atuona,53,PF,1579564436,74,-9.8,-139.03,81.12,12.03
178,Flinders,20,AU,1579564437,47,-34.58,150.86,82.0,14.99
179,Gogrial,100,SS,1579564437,24,8.53,28.1,67.14,6.93
180,Pyay,0,MM,1579564228,40,18.82,95.22,61.65,2.48
181,Thunder Bay,20,CA,1579564437,92,48.4,-89.32,8.6,3.36
182,Avera,1,US,1579564437,48,33.19,-82.53,42.8,3.36
183,Chokurdakh,100,RU,1579564437,97,70.63,147.92,-15.9,8.37
184,Hualmay,100,PE,1579564437,76,-11.1,-77.61,71.76,5.06
185,Narsaq,100,GL,1579564438,36,60.92,-46.05,28.4,21.92
186,Dondo,100,MZ,1579564438,81,-19.61,34.74,71.87,13.44
187,Ust'-Kut,100,RU,1579564438,95,56.79,105.77,-3.23,9.73
188,Guatire,20,VE,1579564438,78,10.48,-66.54,80.6,6.93
189,Yenagoa,0,NG,1579564438,74,4.92,6.26,77.34,2.73
190,Puerto Leguizamo,92,CO,1579564438,96,-0.19,-74.78,75.25,1.14
191,Vila Franca do Campo,75,PT,1579564438,62,37.72,-25.43,59.0,11.41
192,Petropavlovsk-Kamchatsky,40,RU,1579564294,71,53.05,158.65,5.0,6.71
193,Shimoda,20,JP,1579564438,50,34.67,138.95,51.8,12.75
194,Saint-Joseph,100,RE,1579564438,88,-21.37,55.62,78.8,4.7
195,Tuatapere,100,NZ,1579564439,65,-46.13,167.68,67.95,5.5
196,Coari,98,BR,1579564439,95,-4.08,-63.14,76.64,0.81
197,Touros,40,BR,1579564262,78,-5.2,-35.46,80.6,6.93
198,Saint George's,18,GD,1579564439,79,12.06,-61.75,79.65,19.86
199,Nome,90,US,1579564439,92,64.5,-165.41,14.0,9.17
200,Valparaiso,7,CL,1579564342,72,-33.04,-71.63,64.4,5.82
201,Luoyang,75,CN,1579564440,63,34.68,112.45,33.39,2.17
202,Medicine Hat,90,CA,1579564440,59,50.05,-110.67,37.4,16.11
203,Waldkirchen,0,DE,1579564440,80,48.73,13.6,33.01,4.0
204,Jalu,0,LY,1579564202,61,29.03,21.55,54.0,8.21
205,Nigde,100,TR,1579564440,96,37.83,34.75,19.17,7.65
206,Abha,5,SA,1579564440,87,18.22,42.51,53.6,5.82
207,Cayenne,62,GF,1579564440,78,4.93,-52.33,78.8,8.05
208,Moindou,75,NC,1579564440,48,-21.69,165.68,84.2,10.29
209,Bodden Town,20,KY,1579564441,78,19.28,-81.25,80.6,5.82
210,Belmonte,20,BR,1579564441,74,-15.86,-38.88,80.6,10.29
211,Severo-Kuril'sk,100,RU,1579564441,88,50.68,156.12,19.89,6.31
212,Puerto Princesa,20,PH,1579564441,74,9.74,118.74,80.6,11.41
213,Ginda,100,IN,1579564441,84,30.69,78.49,37.04,2.46
214,Benjamin Hill,95,MX,1579564441,41,30.17,-111.1,77.0,5.01
215,Mount Gambier,75,AU,1579564442,51,-37.83,140.77,62.6,6.93
216,Tabou,35,CI,1579564442,86,4.42,-7.35,76.91,2.01
217,Tautira,40,PF,1579564442,66,-17.73,-149.15,87.8,19.46
218,Grand Baie,40,MU,1579564442,83,-20.02,57.58,80.01,12.21
219,Alice,1,US,1579564442,23,27.75,-98.07,62.6,6.93
220,Rio Gallegos,40,AR,1579564442,49,-51.62,-69.22,68.0,19.46
221,Portland,90,US,1579564228,65,45.52,-122.68,48.99,13.87
222,Pisco,100,PE,1579564242,30,-13.7,-76.22,71.6,17.22
223,Neuquen,40,AR,1579564341,30,-38.95,-68.06,84.2,6.93
224,Ilulissat,100,GL,1579564443,47,69.22,-51.1,15.8,23.04
225,Lavrentiya,100,RU,1579564443,92,65.58,-171.0,5.41,6.04
226,Ponta do Sol,40,PT,1579564252,51,32.67,-17.1,60.8,17.22
227,Viedma,0,AR,1579564345,39,-40.81,-63.0,68.04,11.83
228,Mahibadhoo,75,MV,1579564443,80,3.78,72.97,82.26,15.68
229,Rock Sound,38,BS,1579564371,72,24.9,-76.2,74.98,6.8
230,Yarmouth,1,US,1579564443,35,41.71,-70.23,28.4,4.7
231,Jining,42,CN,1579564444,77,35.41,116.58,33.71,8.43
232,Havelock,5,US,1579564444,47,34.88,-76.9,36.0,13.87
233,Jiwani,0,PK,1579564444,66,25.05,61.74,69.51,6.44
234,Saskylakh,77,RU,1579564444,93,71.92,114.08,-25.82,5.73
235,Caledon,92,ZA,1579564444,94,-34.23,19.43,69.01,8.99
236,Jaciara,61,BR,1579564444,84,-15.97,-54.97,76.59,3.49
237,Timbiqui,100,CO,1579564444,95,2.77,-77.67,76.53,3.13
238,Antalaha,100,MG,1579564444,82,-14.9,50.28,82.31,9.91
239,Westport,1,US,1579564444,25,41.14,-73.36,30.2,8.05
240,Umm Lajj,0,SA,1579564445,59,25.02,37.27,56.46,5.12
241,Lebu,0,CL,1579564445,74,-37.62,-73.65,59.14,10.4
242,Galesong,20,ID,1579564445,83,-5.32,119.37,80.6,4.7
243,Yulara,32,AU,1579564445,28,-25.24,130.99,86.0,12.75
244,Severnyy,90,RU,1579564445,85,50.68,36.55,32.0,15.66
245,Bafoulabe,100,ML,1579564445,12,13.81,-10.83,77.77,6.35
246,Saint-Francois,0,FR,1579564445,92,46.42,3.91,25.0,2.3
247,San Patricio,5,MX,1579564445,79,19.22,-104.7,86.0,11.41
248,Kungurtug,93,RU,1579564445,82,50.6,97.52,-13.05,3.53
249,Buzdyak,99,RU,1579564446,95,54.58,54.55,22.95,7.43
250,Carnarvon,0,AU,1579564446,78,-24.87,113.63,73.4,20.8
251,Anadyr,100,RU,1579564323,75,64.75,177.48,-14.01,4.47
252,Khatanga,39,RU,1579564446,99,71.97,102.5,-31.13,7.58
253,Ossora,0,RU,1579564446,76,59.24,163.07,-3.53,3.6
254,Baker City,90,US,1579564446,55,44.77,-117.83,41.0,9.17
255,Boulder City,1,US,1579564433,22,35.98,-114.83,60.8,5.82
256,Orshanka,94,RU,1579564446,97,56.92,47.89,25.38,5.86
257,Humaita,100,BR,1579564446,90,-7.51,-63.02,77.74,1.83
258,Kurilsk,100,RU,1579564447,82,45.23,147.88,26.19,6.38
259,Gijang,0,KR,1579564253,42,35.24,129.21,30.2,5.82
260,Harnai,100,PK,1579564447,63,30.1,67.94,48.54,3.31
261,Leopold,40,AU,1579564447,55,-38.18,144.47,66.99,9.17
262,Ban Nahin,0,LA,1579564375,89,18.24,104.21,62.91,2.86
263,Palana,98,RU,1579564447,93,59.12,159.97,6.66,4.52
264,Fort Nelson,90,CA,1579564210,76,58.81,-122.7,-4.0,2.24
265,Tiznit,96,MA,1579564448,89,29.58,-9.5,44.98,7.56
266,Kalemie,52,CD,1579564448,96,-5.95,29.19,64.81,4.12
267,Ljungby,100,SE,1579564448,93,56.83,13.94,42.8,10.29
268,Chui,21,UY,1579564448,86,-33.7,-53.46,72.81,10.13
269,Villa Carlos Paz,75,AR,1579564448,83,-31.42,-64.5,82.99,5.82
270,Mazabuka,100,ZM,1579564448,97,-15.86,27.75,66.97,7.74
271,Kampot,20,KH,1579564448,74,10.62,104.18,78.8,2.24
272,Tshela,100,CD,1579564449,96,-4.98,12.93,71.47,0.87
273,Abu Samrah,100,SY,1579564449,88,35.3,37.18,44.1,7.38
274,Nabire,59,ID,1579564449,67,-3.37,135.48,82.38,1.3
275,Mahebourg,40,MU,1579564449,83,-20.41,57.7,80.01,6.38
276,Yeppoon,75,AU,1579564449,55,-23.13,150.73,89.6,5.82
277,Iberia,1,US,1579564449,39,29.95,-91.75,50.0,12.75
278,Mizdah,0,LY,1579564449,65,31.45,12.98,47.71,16.55
279,Mnogovershinnyy,13,RU,1579564328,82,53.94,139.92,-3.84,5.59
280,Burdur,75,TR,1579564449,79,37.72,30.29,32.0,20.8
281,Qaqortoq,100,GL,1579564344,36,60.72,-46.03,28.4,21.92
282,Barmer,100,IN,1579564450,33,25.75,71.38,58.23,8.66
283,Pontes e Lacerda,46,BR,1579564358,67,-15.23,-59.34,81.05,3.62
284,Tessaoua,18,NE,1579564450,21,13.76,7.99,66.2,12.19
285,Pacific Grove,90,US,1579564450,82,36.62,-121.92,57.99,9.17
286,Faanui,26,PF,1579564216,74,-16.48,-151.75,81.63,10.94
287,Tete,75,MZ,1579564450,100,-16.16,33.59,77.0,5.82
288,Teya,100,RU,1579564450,92,60.38,92.63,-8.0,7.0
289,George Town,20,MY,1579564451,78,5.41,100.34,80.6,2.24
290,Peterhead,85,GB,1579564451,86,57.51,-1.8,50.0,1.12
291,Riachao das Neves,50,BR,1579564451,76,-11.75,-44.91,74.28,3.74
292,Lamu,6,KE,1579564451,83,-2.27,40.9,81.54,18.23
293,Harper,35,LR,1579564343,86,4.38,-7.72,76.91,2.01
294,Mendes,75,BR,1579564451,73,-22.53,-43.73,75.2,3.36
295,Kinshasa,91,CD,1579564392,88,-4.32,15.32,80.6,3.36
296,Buin,0,CL,1579564451,37,-33.73,-70.75,86.0,6.93
297,Vestmannaeyjar,100,IS,1579564452,75,63.44,-20.27,37.6,28.95
298,Warmbad,0,NA,1579564452,67,-28.45,18.73,59.32,7.87
299,Paducah,90,US,1579564452,73,37.08,-88.6,26.6,4.7
300,Adrar,9,MR,1579564452,17,20.5,-10.07,60.53,7.36
301,Kiruna,17,SE,1579564452,72,67.86,20.23,32.0,13.87
302,Inongo,96,CD,1579564452,76,-1.95,18.27,76.5,1.48
303,Henties Bay,0,NA,1579564452,88,-22.12,14.28,64.0,3.98
304,Torbay,90,CA,1579564453,92,47.67,-52.73,27.0,10.29
305,Kenai,90,US,1579564453,92,60.55,-151.26,19.99,6.35
306,Mount Isa,100,AU,1579564453,29,-20.73,139.5,91.4,4.7
307,Aykhal,90,RU,1579564453,83,66.0,111.5,-14.8,6.71
308,Hambantota,58,LK,1579564453,83,6.12,81.12,79.5,21.25
309,Oranjestad,20,AW,1579564404,78,12.52,-70.03,80.6,23.04
310,Leh,100,IN,1579564453,90,34.17,77.58,-7.28,4.21
311,Maumere,96,ID,1579564453,77,-8.62,122.21,80.83,7.09
312,Victor Harbor,40,AU,1579564454,55,-35.57,138.62,70.0,11.41
313,Port Lincoln,22,AU,1579564454,54,-34.73,135.87,67.35,8.86
314,Buala,38,SB,1579564454,67,-8.14,159.59,85.95,9.78
315,Narrabri,0,AU,1579564454,23,-30.32,149.78,82.99,5.82
316,Ulcinj,50,ME,1579564454,55,41.93,19.22,32.0,4.7
317,Eldorado,14,BR,1579564455,78,-23.79,-54.28,77.13,2.64
318,Niquelandia,62,BR,1579564455,90,-14.47,-48.46,72.57,1.28
319,Iqaluit,40,CA,1579564455,67,63.75,-68.51,-25.01,16.11
320,Lac du Bonnet,28,CA,1579564210,79,50.25,-96.06,3.99,11.52
321,Zvishavane,100,ZW,1579564455,92,-20.33,30.07,60.03,10.74
322,Shenjiamen,0,CN,1579564352,63,29.96,122.3,51.06,9.57
323,Malinovskiy,3,RU,1579564455,91,61.2,62.84,-6.68,5.55
324,Bardiyah,65,LY,1579564455,66,31.76,25.09,56.68,14.54
325,Uglovskoye,100,RU,1579564455,94,51.36,80.19,10.81,9.06
326,Juneau,90,US,1579564350,86,58.3,-134.42,33.8,5.82
327,Chifeng,100,CN,1579564456,56,42.27,118.96,13.42,9.57
328,Xai-Xai,92,MZ,1579564456,77,-25.05,33.64,70.41,7.23
329,Comodoro Rivadavia,40,AR,1579564209,39,-45.87,-67.5,80.6,5.82
330,Imbituba,75,BR,1579564456,78,-28.24,-48.67,78.8,8.05
331,Shaowu,58,CN,1579564456,82,27.34,117.48,45.32,3.44
332,Klaksvik,66,FO,1579564456,65,62.23,-6.59,41.0,23.04
333,Trincomalee,90,LK,1579564456,96,8.57,81.23,72.88,2.98
334,Anloga,20,GH,1579564457,74,5.79,0.9,82.4,4.7
335,Nexo,68,DK,1579564457,93,55.06,15.13,42.8,20.8
336,Dikson,11,RU,1579564457,93,73.51,80.55,-24.2,19.17
337,Dukat,100,RU,1579564457,96,62.55,155.55,-24.09,4.29
338,Port Macquarie,0,AU,1579564457,32,-31.43,152.92,96.01,10.29
339,Seoul,1,KR,1579564457,67,37.57,126.98,24.8,1.12
340,Mayumba,70,GA,1579564457,78,-3.43,10.66,83.05,10.13
341,Verkh-Usugli,83,RU,1579564458,93,52.7,115.17,-9.29,3.36
342,Teahupoo,40,PF,1579564458,66,-17.83,-149.27,87.8,19.46
343,Kursenai,90,LT,1579564458,80,55.98,22.92,41.0,19.46
344,Hamilton,90,US,1579564422,62,39.18,-84.53,26.01,2.57
345,Magdagachi,78,RU,1579564458,99,53.45,125.8,-22.4,1.34
346,College,1,US,1579564408,75,64.86,-147.8,-5.01,3.98
347,Foundiougne,78,SN,1579564458,34,14.13,-16.47,78.8,6.93
348,Cherskiy,100,RU,1579564459,98,68.75,161.3,-23.84,5.14
349,Kamenka,100,RU,1579564459,91,51.32,42.77,32.0,8.01
350,Milicz,0,PL,1579564459,86,51.53,17.27,33.01,8.05
351,Batagay-Alyta,94,RU,1579564459,99,67.8,130.41,-21.75,1.66
352,Salalah,0,OM,1579564321,73,17.02,54.09,69.8,4.7
353,Coyhaique,20,CL,1579564459,46,-45.58,-72.07,73.4,5.82
354,Clyde River,75,CA,1579564198,68,70.47,-68.59,-14.8,11.41
355,Porto de Moz,68,BR,1579564459,97,-1.75,-52.24,74.57,4.29
356,Casablanca,40,MA,1579564254,100,33.59,-7.62,53.01,4.7
357,Mackay,40,AU,1579564460,74,-21.15,149.2,88.0,4.7
358,Deputatsky,100,RU,1579564460,91,69.3,139.9,-18.62,4.74
359,San Cristobal,40,VE,1579564460,62,7.77,-72.22,84.2,6.93
360,Padang,98,ID,1579564212,91,-0.95,100.35,69.57,6.46
361,Villa Maria,45,AR,1579564460,86,-32.41,-63.24,79.0,9.35
362,San Quintin,97,MX,1579564461,68,30.48,-115.95,60.93,6.15
363,Whitianga,50,NZ,1579564461,58,-36.83,175.7,82.99,4.0
364,Monte Patria,31,CL,1579564461,56,-30.69,-70.95,66.52,4.16
365,Dzhubga,0,RU,1579564461,85,44.32,38.7,26.76,6.22
366,Walvis Bay,0,NA,1579564461,88,-22.96,14.51,64.0,3.36
367,Brownsville,90,US,1579564462,39,25.9,-97.5,63.0,9.17
368,Talnakh,2,RU,1579564462,72,69.49,88.4,-38.2,8.95
369,Kangaatsiaq,100,GL,1579564462,70,68.31,-53.46,15.57,20.58
370,Kuching,75,MY,1579564462,100,1.55,110.33,75.2,2.24
371,Awjilah,0,LY,1579564462,61,29.11,21.29,54.0,8.21
372,Lenger,90,KZ,1579564462,78,42.18,69.88,32.0,5.55
373,Bira,0,RU,1579564462,93,49.0,132.47,-5.76,4.16
374,Iraan,1,US,1579564462,26,30.91,-101.9,55.4,9.17
375,Kavieng,3,PG,1579564298,75,-2.57,150.8,83.14,15.32
376,Lumphat,0,KH,1579564463,79,13.49,106.98,66.85,7.65
377,Bengkulu,68,ID,1579564463,91,-3.8,102.27,74.64,3.6
378,Msanga,100,TZ,1579564463,95,-6.05,36.03,66.79,3.15
379,Chimbote,65,PE,1579564463,74,-9.09,-78.58,72.57,7.2
380,Kashan,57,IR,1579564463,66,33.98,51.44,41.04,5.21
381,Bali Chak,82,IN,1579564463,45,22.37,87.55,59.34,4.76
382,Concarneau,20,FR,1579564463,81,47.88,-3.92,45.0,9.17
383,Bonavista,99,CA,1579564464,90,48.65,-53.11,24.01,7.0
384,Zhangjiakou Shi Xuanhua Qu,8,CN,1579564464,61,40.61,115.04,11.35,1.1
385,Qingdao,35,CN,1579564464,85,36.1,120.37,39.0,2.24
386,Mugumu,24,TZ,1579564464,81,-1.85,34.7,61.12,4.52
387,Linhares,55,BR,1579564464,87,-19.39,-40.07,72.45,2.95
388,Margate,0,GB,1579564464,92,51.38,1.39,37.99,3.36
389,Elizabeth City,40,US,1579564432,64,36.29,-76.25,34.0,12.75
390,Impfondo,97,CG,1579564465,58,1.64,18.07,76.41,0.96
391,Taloqan,100,AF,1579564465,97,36.74,69.53,26.06,3.09
392,Laas,0,IT,1579564465,77,46.62,10.7,28.99,2.24
393,Tricase,40,IT,1579564465,87,39.93,18.36,46.99,8.05
394,Aripuana,54,BR,1579564465,88,-9.17,-60.63,77.67,2.98
395,Poum,5,NC,1579564465,80,-20.23,164.02,77.86,17.27
396,Port Hawkesbury,90,CA,1579564465,92,45.62,-61.35,23.0,12.75
397,Port Moresby,20,PG,1579564465,74,-9.44,147.18,86.0,6.93
398,Zhanaozen,90,KZ,1579564466,79,43.3,52.8,26.33,6.87
399,Venustiano Carranza,90,MX,1579564186,58,19.43,-99.1,77.0,4.7
400,Zaoyang,42,CN,1579564466,60,32.13,112.75,41.56,5.3
401,Kismayo,1,SO,1579564467,80,-0.36,42.55,80.29,17.83
402,Khovd,84,MN,1579564470,59,48.01,91.64,3.25,4.03
403,Santo Amaro da Imperatriz,75,BR,1579564374,78,-27.69,-48.78,78.8,8.05
404,Namatanai,47,PG,1579564470,72,-3.67,152.43,84.85,11.7
405,Dunedin,100,NZ,1579564470,68,-45.87,170.5,66.0,14.79
406,Sekoma,0,BW,1579564471,63,-24.4,23.88,73.96,17.45
407,Cidreira,100,BR,1579564436,85,-30.18,-50.21,75.63,27.25
408,San Rafael,35,AR,1579564310,65,-34.62,-68.33,77.22,18.3
409,Tayshet,100,RU,1579564471,89,55.93,98.0,1.74,8.75
410,Ajdabiya,0,LY,1579564471,76,30.76,20.23,56.98,19.6
411,Surgut,99,RU,1579564471,77,61.25,73.42,3.2,11.18
412,Hohhot,82,CN,1579564471,77,40.81,111.65,1.4,4.47
413,Esperance,75,AU,1579564471,72,-33.87,121.9,68.0,17.22
414,Svetlaya,0,RU,1579564472,65,46.54,138.33,11.91,6.82
415,Pont-Audemer,18,FR,1579564472,93,49.35,0.52,41.0,3.36
416,Saldanha,0,ZA,1579564472,68,-33.01,17.94,68.0,2.24
417,Cabedelo,40,BR,1579564472,74,-6.98,-34.83,80.6,9.17
418,San Policarpo,55,PH,1579564472,72,12.18,125.51,77.9,15.68
419,Laguna,75,US,1579564472,76,38.42,-121.42,54.0,1.99
420,Raudeberg,100,NO,1579564472,100,61.99,5.14,44.6,13.87
421,Road Town,40,VG,1579564472,78,18.42,-64.62,77.0,8.05
422,Carballo,40,ES,1579564473,65,43.21,-8.69,51.01,6.93
423,Locri,40,IT,1579564473,62,38.24,16.26,59.0,5.82
424,Sovetskiy,42,RU,1579564473,91,61.36,63.58,-5.17,6.85
425,Colesberg,0,ZA,1579564473,45,-30.72,25.1,69.3,4.38
426,Lompoc,90,US,1579564292,82,34.64,-120.46,60.8,12.75
427,Ilula,100,TZ,1579564474,93,-7.68,36.04,62.78,2.64
428,Hofn,0,IS,1579564474,61,64.25,-15.21,40.26,49.82
429,Sambava,99,MG,1579564474,98,-14.27,50.17,74.17,1.45
430,Departamento de Maldonado,40,UY,1579564474,57,-34.67,-54.92,78.8,4.7
431,Waipawa,14,NZ,1579564474,77,-41.41,175.52,75.0,11.41
432,Namie,75,JP,1579564474,61,37.48,141.0,42.01,10.29
433,Ximeicun,20,CN,1579564474,81,24.96,118.38,53.6,8.95
434,Pringsewu,44,ID,1579564474,96,-5.36,104.97,73.72,3.24
435,Saint-Louis,34,SN,1579564475,40,16.33,-15.0,71.6,9.53
436,Constitucion,0,CL,1579564475,77,-35.33,-72.42,56.93,7.02
437,Noumea,75,NC,1579564475,48,-22.28,166.46,84.2,10.29
438,Zhigansk,80,RU,1579564475,97,66.77,123.37,-27.04,7.92
439,Sabinov,75,SK,1579564475,92,49.1,21.1,30.99,4.7
440,Diamantino,58,BR,1579564475,84,-14.41,-56.45,76.77,1.25
441,Oranjemund,1,NA,1579564475,84,-28.55,16.43,64.8,5.55
442,Ambilobe,100,MG,1579564475,92,-13.2,49.05,77.52,7.07
443,Lengshuitan,100,CN,1579564475,79,26.41,111.6,47.01,0.63
444,Aksarka,100,RU,1579564476,93,66.56,67.8,-2.65,10.45
445,Korcula,76,HR,1579564476,74,42.96,17.14,28.4,2.24
446,Mil'kovo,99,RU,1579564476,81,54.72,158.62,2.52,0.78
447,Nizwa,0,OM,1579564476,65,22.93,57.53,57.09,0.89
448,Meadow Lake,1,US,1579564476,34,34.8,-106.54,50.0,0.56
449,Bull Savanna,66,JM,1579564476,80,17.89,-77.59,71.44,1.99
450,Esim,18,GH,1579564476,86,4.87,-2.24,78.15,3.09
451,Katsuura,20,JP,1579564476,45,35.13,140.3,52.0,26.4
452,Almeirim,96,BR,1579564477,96,-1.52,-52.58,75.85,4.27
453,Lazurne,96,UA,1579564477,89,46.08,32.53,34.0,17.56
454,Bulgan,59,MN,1579564477,70,48.81,103.53,-1.86,3.78
455,Lesnoy,79,RU,1579564477,99,57.62,63.08,-5.46,4.03
456,Diffa,0,NE,1579564477,33,13.32,12.61,65.88,12.12
457,Sao Joao da Barra,55,BR,1579564243,92,-21.64,-41.05,72.03,11.83
458,Kumul,95,CN,1579564478,94,42.8,93.45,8.42,3.51
459,Marsh Harbour,100,BS,1579564478,76,26.54,-77.06,70.86,14.18
460,Nova Lima,75,BR,1579564478,100,-19.99,-43.85,69.8,6.93
461,Yinchuan,55,CN,1579564478,29,38.47,106.27,26.01,1.99
462,Verkhnevilyuysk,94,RU,1579564213,98,63.45,120.32,-11.87,3.98
463,Broken Arrow,1,US,1579564389,44,36.05,-95.79,39.99,5.82
464,Anori,95,BR,1579564479,95,-3.77,-61.64,76.62,0.74
465,Larap,65,PH,1579564479,71,14.3,122.65,77.99,24.16
466,Vila Velha,75,BR,1579564479,94,-20.33,-40.29,72.0,6.93
467,Mormugao,20,IN,1579564479,94,15.4,73.8,75.2,4.7
468,Naze,75,JP,1579564235,63,28.37,129.48,62.6,11.41
469,Great Falls,40,US,1579564479,29,47.5,-111.3,53.6,8.05
470,Erenhot,17,CN,1579564236,82,43.65,111.98,14.49,13.47
471,Bahia Blanca,46,AR,1579564335,35,-38.72,-62.27,74.55,14.05
472,Senneterre,5,CA,1579564480,84,48.38,-77.23,3.2,2.24
473,Mehamn,75,NO,1579564225,93,71.04,27.85,37.4,28.86
474,Chipinge,100,ZW,1579564480,97,-20.19,32.62,61.18,6.87
475,Mabua,28,PH,1579564480,73,9.81,125.44,78.53,15.19
476,Penzance,0,GB,1579564297,93,50.12,-5.54,45.0,5.82
477,Nosy Varika,100,MG,1579564480,98,-20.58,48.53,75.18,4.94
478,Maracacume,97,BR,1579564480,97,-2.04,-45.96,74.48,3.38
479,Half Moon Bay,1,US,1579564480,82,37.46,-122.43,57.99,12.75
480,Yar-Sale,100,RU,1579564232,97,66.83,70.83,-3.23,8.43
481,Rocha,39,UY,1579564481,79,-34.48,-54.33,70.88,6.17
482,Sandusky,90,US,1579564481,79,41.35,-83.13,23.0,4.7
483,Owando,95,CG,1579564481,68,-0.48,15.9,76.44,1.19
484,Balkanabat,96,TM,1579564481,79,39.51,54.37,26.08,1.3
485,Coquimbo,75,CL,1579564408,88,-29.95,-71.34,62.6,8.05
486,Tazmalt,40,DZ,1579564481,87,36.39,4.4,46.4,9.17
487,Dennery,40,LC,1579564481,78,13.9,-60.89,78.8,8.05
488,Rewari,90,IN,1579564365,100,28.18,76.62,60.01,4.7
489,Izhma,50,RU,1579564482,95,65.01,53.91,-1.79,10.04
490,Kothi,100,IN,1579564482,57,24.75,80.78,50.25,2.24
491,Toamasina,75,MG,1579564482,94,-18.17,49.38,78.8,2.24
492,Chinhoyi,100,ZW,1579564482,91,-17.37,30.2,64.56,4.05
493,Darnah,100,LY,1579564227,66,32.77,22.64,56.89,13.47
494,Bosaso,16,SO,1579564482,58,11.28,49.18,74.32,1.23
495,Benito Juarez,90,MX,1579564482,58,19.39,-99.17,77.0,4.7
496,Mossamedes,20,AO,1579564482,85,-15.2,12.15,75.13,11.74
497,Tura,1,IN,1579564483,76,25.52,90.22,53.6,1.9
498,Nokaneng,64,BW,1579564483,75,-19.67,22.27,72.79,5.95
499,Lar,76,IN,1579564483,78,26.2,83.97,50.65,3.06
500,Bambanglipuro,86,ID,1579564483,78,-7.95,110.28,78.48,2.75
501,Fortuna,1,US,1579564483,62,40.6,-124.16,60.01,9.17
502,Atambua,100,ID,1579564483,74,-9.11,124.89,80.2,3.0
503,Maniitsoq,100,GL,1579564483,76,65.42,-52.9,17.6,9.01
504,Sabzevar,99,IR,1579564483,77,36.21,57.68,31.96,4.52
505,Bartica,20,GY,1579564483,88,6.4,-58.62,78.8,6.93
506,Makinsk,99,KZ,1579564484,94,52.63,70.42,11.68,10.63
507,Novopodrezkovo,100,RU,1579564484,86,55.94,37.35,36.0,15.66
508,Verkhnetulomskiy,75,RU,1579564484,92,68.61,31.8,30.2,4.47
509,Chilca,90,PE,1579564484,73,-12.52,-76.74,77.0,10.29
510,Kiryat Gat,20,IL,1579564321,87,31.61,34.76,53.01,2.24
511,Qeshm,0,IR,1579564484,87,26.96,56.27,60.8,4.7
512,Iquitos,40,PE,1579564258,100,-3.75,-73.25,42.8,2.51
513,Nouadhibou,0,MR,1579564278,72,20.93,-17.03,62.6,13.87
514,Tarabha,0,IN,1579564485,79,20.73,83.65,60.57,2.17
515,Prince Rupert,90,CA,1579564467,86,54.32,-130.32,41.0,5.82
516,Shache,87,CN,1579564485,78,38.42,77.24,19.92,0.56
517,Dauphin,1,CA,1579564485,67,51.15,-100.05,19.4,11.41
518,Malanje,100,AO,1579564485,98,-9.54,16.34,64.29,3.42
519,Malim,98,PH,1579564485,77,7.45,123.43,80.56,20.13
520,Cochrane,75,CA,1579564246,48,51.18,-114.47,42.8,13.87
521,Dudinka,7,RU,1579564485,72,69.41,86.18,-38.2,8.95
522,Paamiut,100,GL,1579564485,72,61.99,-49.67,25.38,23.98
523,Bintulu,75,MY,1579564486,94,3.17,113.03,77.0,2.42
524,Candido Mendes,100,BR,1579564486,93,-1.45,-45.72,76.37,5.3
525,Molokovo,100,RU,1579564486,95,58.17,36.76,32.09,15.84
526,Duvan,100,RU,1579564486,96,55.7,57.9,22.68,4.72
527,Zwedru,82,LR,1579564486,90,6.07,-8.13,72.84,2.04
528,Ciudad Sabinas Hidalgo,0,MX,1579564486,41,26.5,-100.17,58.17,6.46
529,Faya,5,SA,1579564486,87,18.39,42.45,53.6,5.82
530,Herat,79,AF,1579564355,83,34.5,62.0,27.14,3.18
531,Mbandaka,91,CD,1579564486,71,0.05,18.26,76.8,2.01
532,Shingu,20,JP,1579564487,49,33.73,135.98,46.4,18.34
533,Bandarbeyla,1,SO,1579564487,76,9.49,50.81,75.6,20.62
534,Mersing,92,MY,1579564487,81,2.43,103.84,81.27,20.49
535,Pathein,0,MM,1579564487,74,16.78,94.73,73.0,7.63
536,Nago,20,JP,1579564487,72,26.59,127.98,62.6,9.17
537,Araouane,0,ML,1579564487,21,18.9,-3.53,62.91,1.57
538,Mount Pleasant,20,US,1579564487,51,32.79,-79.86,41.0,6.96
539,Nishihara,20,JP,1579564487,72,26.18,127.76,62.6,9.17
540,Hua Hin,5,TH,1579564488,94,12.57,99.96,77.0,3.36
541,Egvekinot,41,RU,1579564208,94,66.32,-179.17,-17.55,5.61
542,Tabuk,34,PH,1579564488,88,17.42,121.44,69.73,2.21
543,Yaan,11,NG,1579564488,24,7.38,8.57,80.4,4.88
544,Belyy Yar,1,RU,1579564488,70,53.6,91.39,-2.2,8.95
545,Umea,64,SE,1579564388,75,63.83,20.26,45.0,16.11
546,Nantucket,1,US,1579564488,53,41.28,-70.1,28.4,10.29
547,Anderson,40,US,1579564243,47,34.53,-82.65,39.0,6.93
548,Grand Gaube,40,MU,1579564488,83,-20.01,57.66,80.01,12.21
549,Vega de Alatorre,100,MX,1579564489,88,20.03,-96.63,61.61,26.57
550,Gushikawa,20,JP,1579564489,72,26.35,127.87,62.6,9.17
551,Vostok,94,RU,1579564234,96,46.49,135.88,-3.77,4.83
552,Amapa,57,BR,1579564489,98,1.0,-52.0,73.26,3.38
553,Uyemskiy,90,RU,1579564489,100,64.47,40.85,28.4,4.47
554,Kondinskoye,0,RU,1579564489,84,59.65,67.41,-7.49,3.98
555,Skibbereen,40,IE,1579564489,80,51.55,-9.27,41.0,1.12
